Metric,Target,Current Performance,Status,Improvement,Notes
API Response Time P50,500ms,300ms,Exceeding,40% faster,Sub-second performance achieved
API Response Time P95,1000ms,500ms,Exceeding,50% faster,Consistent sub-second responses
Data Processing Throughput,100k rows/minute,200k+ rows/minute,Exceeding,100%+ improvement,Memory optimization effective
Memory Usage Optimization,70% reduction,85% reduction,Exceeding,15% better than target,Advanced data type optimization
Cache Hit Rate,90%,95.2%,Exceeding,5.2% above target,Multi-level caching strategy
System Uptime,99.9%,99.95%,Exceeding,0.05% improvement,Robust error handling
Concurrent Users Support,100 users,500+ users,Exceeding,400% increase,Horizontal scaling achieved
Error Rate,<0.5%,0.1%,Exceeding,80% reduction,Comprehensive error handling
Database Query Performance,<200ms avg,150ms avg,Exceeding,25% faster,Query optimization effective
CSV Upload Processing,5 seconds/100k rows,2-3 seconds/100k rows,Exceeding,50% faster,Streaming processing
Real-time Aggregation,<100ms,<50ms,Exceeding,50% faster,Optimized time windows
Dashboard Load Time,3-5 seconds,<1 second,Exceeding,80% improvement,Real-time data delivery
Data Quality Detection,90% accuracy,95% accuracy,Exceeding,5% improvement,ML-powered validation
Storage Efficiency,60% compression,70-80% compression,Exceeding,10-20% better,Parquet optimization
Network Latency,<50ms,<30ms,Exceeding,40% improvement,CDN and edge optimization
Batch Processing Speed,10 minutes/1M rows,5 minutes/1M rows,Exceeding,50% faster,Parallel processing
Memory Peak Usage,4GB/100k rows,2.5GB/100k rows,Exceeding,37% reduction,Chunked processing
CPU Utilization,<80%,<60%,Exceeding,20% more efficient,Vectorized operations
Disk I/O Performance,1GB/s,1.5GB/s,Exceeding,50% faster,SSD optimization
Cache Memory Usage,2GB,1.5GB,Exceeding,25% reduction,Intelligent cache management