Category,Annual Cost,Annual Benefit,Net Benefit,ROI Percentage,Description
Infrastructure,50000,120000,70000,240%,Cloud infrastructure and optimization savings
Development,200000,500000,300000,250%,Faster development and reduced technical debt
Operations,30000,180000,150000,600%,Automated operations and reduced manual work
Decision Speed,0,300000,300000,Infinite,Faster business decisions and market response
Data Processing,25000,150000,125000,600%,Reduced processing time and infrastructure costs
Quality Assurance,15000,80000,65000,533%,Automated data quality checks and error reduction
Maintenance,20000,100000,80000,500%,Reduced maintenance overhead and system reliability
Training,10000,40000,30000,400%,Reduced training time and knowledge transfer
Integration,5000,50000,45000,1000%,Seamless integration with existing systems
Scalability,15000,75000,60000,500%,Ability to handle 10x growth without redesign
Total,370000,1595000,1225000,431%,Combined return on investment
Risk Mitigation,0,200000,200000,Infinite,Reduced business risk through automation
Competitive Advantage,0,250000,250000,Infinite,Market differentiation and faster time-to-market
Innovation Platform,0,150000,150000,Infinite,Foundation for future AI/ML initiatives
Customer Satisfaction,0,100000,100000,Infinite,Improved service quality and response times
Compliance,10000,60000,50000,600%,Automated compliance monitoring and reporting